{
  "tbr_percentage_of_fitting_traces":7.7946768061,
  "tbr_log_fitness":0.9511714965,
  "tbr_average_trace_fitness":0.9510283535,
  "tbr_precision":0.6229712938,
  "tbr_generalization":0.9378007842,
  "f1_score":0.7528125751
}