{
  "tbr_percentage_of_fitting_traces":10.1554029635,
  "tbr_log_fitness":0.9582726441,
  "tbr_average_trace_fitness":0.9580945371,
  "tbr_precision":0.498050693,
  "tbr_generalization":0.9190026271,
  "f1_score":0.655401176
}