{
  "tbr_percentage_of_fitting_traces":0.0,
  "tbr_log_fitness":0.8685401785,
  "tbr_average_trace_fitness":0.8628929622,
  "tbr_precision":0.9752869871,
  "tbr_generalization":0.9857988385,
  "f1_score":0.9156538538
}