{
  "tbr_percentage_of_fitting_traces":0.0,
  "tbr_log_fitness":0.8487735782,
  "tbr_average_trace_fitness":0.8524478413,
  "tbr_precision":0.882765905,
  "tbr_generalization":0.9521357344,
  "f1_score":0.867342011
}