{
  "tbr_percentage_of_fitting_traces":0.0143575018,
  "tbr_log_fitness":0.9527995509,
  "tbr_average_trace_fitness":0.9466022438,
  "tbr_precision":0.7207950638,
  "tbr_generalization":0.9617980722,
  "f1_score":0.8184086919
}