{
  "tbr_percentage_of_fitting_traces":0.0,
  "tbr_log_fitness":0.9117319335,
  "tbr_average_trace_fitness":0.9013631375,
  "tbr_precision":0.8885976648,
  "tbr_generalization":0.9788183048,
  "f1_score":0.8949348814
}