{
  "tbr_percentage_of_fitting_traces":0.0,
  "tbr_log_fitness":0.8552976385,
  "tbr_average_trace_fitness":0.8580631869,
  "tbr_precision":0.9467189162,
  "tbr_generalization":0.9803223332,
  "f1_score":0.9002135481
}