{
  "tbr_percentage_of_fitting_traces":3.6653576104,
  "tbr_log_fitness":0.9394787135,
  "tbr_average_trace_fitness":0.9373557342,
  "tbr_precision":0.6356268403,
  "tbr_generalization":0.9263974047,
  "f1_score":0.7575525288
}