{
  "tbr_percentage_of_fitting_traces":0.0,
  "tbr_log_fitness":0.9385223797,
  "tbr_average_trace_fitness":0.9296455182,
  "tbr_precision":0.6971995648,
  "tbr_generalization":0.9659316514,
  "f1_score":0.7968164363
}