{
  "tbr_percentage_of_fitting_traces":0.0,
  "tbr_log_fitness":0.8731338992,
  "tbr_average_trace_fitness":0.8681992816,
  "tbr_precision":0.9724615352,
  "tbr_generalization":0.9842894629,
  "f1_score":0.9173774967
}